{"risks": [0.29255991339353926, 0.29255991339353926, 0.29255991339353926, 0.5215769496893287, 0.5215769496893287, 0.29255991339353926, 0.7976822126950376, 0.5215769496893287, 0.29255991339353926, 0.29255991339353926, 0.29255991339353926, 0.29255991339353926, 0.7418691654961688, 0.29255991339353926, 0.7976822126950376, 0.29255991339353926, 0.29255991339353926, 0.29255991339353926, 0.29255991339353926, 0.7418691654961688, 0.29255991339353926, 0.29255991339353926, 0.29255991339353926, 0.29255991339353926, 0.29255991339353926, 0.29255991339353926, 0.5992943407418075, 0.29255991339353926, 0.29255991339353926, 0.29255991339353926, 0.5215769496893287, 0.5215769496893287, 0.29255991339353926, 0.29255991339353926, 0.5992943407418075, 0.29255991339353926], "errors": [0, 0, 0, 1, 0, 0, 1, 1, 0, 0, 0, 1, 0, 0, 1, 0, 0, 0, 1, 1, 0, 0, 0, 1, 0, 0, 0, 1, 0, 0, 1, 1, 0, 0, 1, 1]}